,,,Kardex Remstar Spare Parts Package ,,,,,,,,,,,,,,
Ref: KRIND/W/SPP/AB25042 ,,,,,,,,,,,,,GST – 29AADCK5377L1ZW ,,,,
Dated: 27/10/2025,,,,,,,,,,,,,ARN – AA2903170325554 ,,,,
M/s Alfa Laval Limited - HSS ,,,,,,,,,,,,,,,,,
Dapodi - Pune. ,,,,,,,,,,,,,,,,,
Kind Attn: Mr. Kanchan Patil. ,,,,,,,,,,,,,,,,,
Sub: Quotation for Emergency Spares of KARDEX ,,,,,,,,,,,,,,,,,
Kardex,India Pvt,Ltd,(hereby,referred,to,as,KIPL),is,pleased,to,offer,Emergency,Spare,Parts,for,the,system
Shuttle XP installed at your premises.,,,,,,,,,,,,,,,,,
Machine Details: ,,,,,,,,,,,,,,,,,
Sr. No ,,,Machine Model ,,,,,,Machine Sr. No ,,,Machine Owner ,,,,Department ,
1,,Shuttle XP 500 - 3050 x 813 ,,,,,,,18008781/001 ,,,Kanchan Patil ,,,,Maintenance ,
 Emergency Parts ,,,,,,,,,,,,,,,,,
S. N ,Part No ,,,,Description ,,,,,,,HSN Code ,Unit Price ,,Qty ,,Total Price 
1,3200664,,,EXTRACTOR GUIDE ROLLER ,,,,,,,,39269097,3700,,10,,37000
2,4162574,,,PROXIMITY SWITCH INDUCTIVE ,,,,,,,,85365080,8911,,2,,17822
3,5504303,,REPAIR SET FINGER UNIT W. COTTER PIN ,,,,,,,,,73181595,12500,,2,,25000
4,3235926,,SPARE PART SH-XP V00 TOOTH BELT SET SHUTTER D. ,,,,,,,,,84313900,38900,,1set ,,38900
5,3207230,,TOOTH BELT SHUTTER DOOR DRIVE 5M 15 KARD ,,,,,,,,,84839091,3380,,1,,3380
6,4160768,,,PROXIMITY SWITCH (ACCESS BED) ,,,,,,,,85365080,5000,,1,,5000
7,5304670,,,EXTRACTOR FINGER PRE-ASSEMBLED ,,,,,,,,39269097,8700,,2,,17400
8,6370415,,,OPERATOR PANEL LOGICONTRO ,,,,,,,,85371091,215000,,1,,215000
9,5853627,,,FREQUENCY INVERTER SK520E 5.5KW ,,,,,,,,85044090,225000,,1,,225000
10,4164836,,,POSITION SWITCH FR 507-H6M2R39 ,,,,,,,,85365090,8490,,1,,8490
11,4164786,,,POSITION SWITCH FR 507-H0M2R39 ,,,,,,,,85365090,8490,,1,,8490
12,6189708,,,TRAY STOP SET CPL. ,,,,,,,,39269097,4950,,2,,9900
,,,,,TOTAL ,,,,,,,,,,,,611382
1 / 11 ,,,,,,Service Care Vertrag ,,,,,,,,2025/10/27 ,,,
TERMS AND CONDITIONS ,,,,,,,,,,,,,,,,,,,,
,• ,GST (18%) to be paid extra ,,,,,,,,,,,,,,,,,,
,• ,Quotation validity up to 30 days ,,,,,,,,,,,,,,,,,,
,• ,"Delivery - Ex-Works Bangalore, within 14 to 18 weeks from the date of ",,,,,,,,,,,,,,,,,,
,"Purchase Order, packing included. ",,,,,,,,,,,,,,,,,,,
,• ,Warranty: 3 months from the date of delivery for Electronics parts only. ,,,,,,,,,,,,,,,,,,
,• ,Payment: N30. Within 30 days of delivery. ,,,,,,,,,,,,,,,,,,
OTHER TERMS & CONDITIONS AS PER THE ANNEXURE ATTACHED ,,,,,,,,,,,,,,,,,,,,
Please Note: - ,,,,,,,,,,,,,,,,,,,,
PO should contain Customer GST number of the place where delivery/services are requesting. ,,,,,,,,,,,,,,,,,,,,
"If delivery address is different than the Invoice address, then we need Delivery address GST details, HSN codes ",,,,,,,,,,,,,,,,,,,,
PO should be on address as mentioned in quotation. ,,,,,,,,,,,,,,,,,,,,
"PO should contain Quotation reference i.e, KRIND/W/SPP/AB25042. ",,,,,,,,,,,,,,,,,,,,
PO should contain Kardex Ident Number as per the quotation ,,,,,,,,,,,,,,,,,,,,
"PO should contain all line items mention in quotation, if more than one item. ",,,,,,,,,,,,,,,,,,,,
PO should contain delivery address and contact person’s details. ,,,,,,,,,,,,,,,,,,,,
PO should have company seal signature. ,,,,,,,,,,,,,,,,,,,,
We,assure,you,of,our,best,services,at,all,times and,we,shall,not,give,you,any,room,for,Complaint,on,service.
We shall spare no effort to ensure a professional first-class after-sales service. ,,,,,,,,,,,,,,,,,,,,
We request you kindly release the order on ,,,,,,,,,,,,,,,,,,,,
"M/s, KARDEX INDIA PRIVATE LIMITED. ",,,,,,,,,,,,,,,,,,,,
"Brigade Rubix, 602, 6th Floor, HMT Watch Factory Road, ",,,,,,,,,,,,,,,,,,,,
"Bengaluru, Karnataka – 560 022(INDIA) ",,,,,,,,,,,,,,,,,,,,
Tel,: +91 80 29724450 Fax,,,,,: +91 80 29724460 ,,,,,,,,,,,,,,
Website : www.kardex.com ,,,,,,,,,,,,,,,,,,,,
"If you need any clarifications/ information, please do contact the undersigned. ",,,,,,,,,,,,,,,,,,,,
Yours faithfully ,,,,,,,,,,,,,,,,,,,,
Ashraf Belvadi ,,,,,,,,,,,,,,,,,,,,
9823022067 ,,,,,,,,,,,,,,,,,,,,
ashraf.belvadi@kardex.com ,,,,,,,,,,,,,,,,,,,,
2 / 11 ,,,,,,,,,Service Care Vertrag ,,,,,,,,,2025/10/27 ,,
,,,,,,KARDEX Service Products ,,,,,,,,,,,,,,
1) ,VLM Box ,,,,,,,,,,,,,,,,,,,
"Are you looking forward to increasing your stock capacity by 20-25% by placing the things in tidy, clean and",,,,,,,,,,,,,,,,,,,,
organized manner? ,,,,,,,,,,,,,,,,,,,,
Our Kardex VLM BOX can help. It’s an adjustable bin system designed for the Vertical Lift Module Kardex ,,,,,,,,,,,,,,,,,,,,
Remstar,XP.,It,can,increase,the,stock,capacity,by,20 – 25,%.,The,Kardex,VLM,BOX,is,flexible,in,"height,",width,
and depth to create over 300 location types – from just one box. ,,,,,,,,,,,,,,,,,,,,
2) ,"Relocations, Upgrades & Retrofits ",,,,,,,,,,,,,,,,,,,
Do you have a Kardex Storage and Retrieval system that is no longer used optimally or may be in need of,,,,,,,,,,,,,,,,,,,,
modernization? ,,,,,,,,,,,,,,,,,,,,
Here is an overview of the services we offer at Kardex: ,,,,,,,,,,,,,,,,,,,,
• Height changes,,,,,,,,• Relocation of Kardex System ,,,,,,,,,,,,
• Improve storage capacity,,,,,,,,• Additional or relocation of existing work openings ,,,,,,,,,,,,
• Replacement of picking devices,,,,,,,,• Security and component upgrades ,,,,,,,,,,,,
• Modernizations ,,,,,,,,,,,,,,,,,,,,
3) ,Remote Support ,,,,,,,,,,,,,,,,,,,
How much equipment downtime is costing your workplace? ,,,,,,,,,,,,,,,,,,,,
You can’t afford to let unplanned equipment downtime cost your company money- especially,,,,,,,,,,,,,,,,,,if,you, can
prevent,it.,With,our,Remote,Support,,"solution,",we,can,access,machines,,and,perform,,proactive,,maintenance,,
and even resolve the breakdowns. The operator can request technical help directly from the equipment’s,,,,,,,,,,,,,,,,,,,,
"panel, send all the necessary information and get assistance. ",,,,,,,,,,,,,,,,,,,,
3 / 11 ,,,,,,,Service Care Vertrag ,,,,,,,,,,2025/10/27 ,,,
Find the best service package for your requirements ,,
The following range of support services provide everything your business needs to,,
make the most of your Kardex solution. ,,
4 / 11 ,Service Care Vertrag ,2025/10/27 
General Terms and Conditions ,,,,,,,,,,,,,,,,,,,,,,,,,,,,,
These Terms and Conditions (T&C) are structured as follows: ,,,,,,,,,,,,,,,,4. Prices and Payment Conditions ,,,,,,,,,,,,,
,,,,,,,,,,,,,,,,4.1. All prices are excluding GST ,,,,,,,,,,,,,
- Part A (general,,,,,provisions) applies,,,to,all,"transactions,",,,except,where,a,4.2. Unless,otherwise,agreed,in,writing,or,specified,in,the,subsequent,,,,
provision of the applicable parts B and C contains deviating regulation (other,,,,,,,,,,,,,,,,specific,"provisions,",invoices,from,KARDEX,are,payable,within,30,days,net,,,
"than merely adding further details), which then takes precedence; ",,,,,,,,,,,,,,,,from,the,invoice,"date,",without,any,deduction.,Advance,and,prepayments,,,,
,,,,,,,,,,,,,,,,are payable within 10 days from the invoice date without any deduction. ,,,,,,,,,,,,,
- Parts B,,and,,C,contain,the,applicable,,specific,,provisions,,for,supply,of,4.3. A,customer,failing,to,pay,by,the,due,date,is,in,default,without,a
products and software programming services with or without installation ,,,,,,,,,,,,,,,,"reminder,",and KARDEX,is entitled to,,charge,monthly,,default,interest,,in,the,,
"(Part B), and individual service orders and service contracts (Part C); ",,,,,,,,,,,,,,,,amount,of,"1%,",except,where,a,different,default,interest,rate,has,been,,
,,,,,,,,,,,,,,,,specified in the contract or in the offer. ,,,,,,,,,,,,,
These,T&C,are,,provided,in,"German,",,English,,and,other,,languages.,Only,the,4.4. In,the,event,of,customer,"default,",KARDEX,is entitled to,withdraw,,from,,,
German,,and English,,,texts are,legally,,binding,,and authoritative.,,,They,are,of,the contract and claim back any Products already supplied and/or enter the,,,,,,,,,,,,,
equal,status.,,Translations,,of,these,,T&C,into,other,,languages,are,solely,for,site,and,render,Products,unusable.,In,"addition,",KARDEX,is,also,entitled,to,,
convenience and are not legally binding. ,,,,,,,,,,,,,,,,claim direct damages and/or provide outstanding deliveries or services only,,,,,,,,,,,,,
,,,,,,,,,,,,,,,,against,advance,payment,or,the,provision,of,"collateral,",or,suspend,the,,,
,A. ,General Provisions ,,,,,,,,,,,,,,provision,of,services,under,other,orders,or,service,agreements,for,which,,,
,,,,,,,,,,,,,,,,payment has already been made. ,,,,,,,,,,,,,
,,,,,,,,,,,,,,,,4.5. If,KARDEX,becomes,aware,of,circumstances,casting,,doubt,on,the,,,
1. Scope of the T&C ,,,,,,,,,,,,,,,,solvency,of,the,"customer,",KARDEX,shall,have,the,right,to,demand,full,,
1.1.,These,T&C,,apply,to,all,transactions,,between,,KARDEX,,INDIA,STORAGE,,payment in advance or the provision of collateral. ,,,,,,,,,,,,,
"SOLUTIONS PRIVATE LIMITED and the customer, unless expressly otherwise",,,,,,,,,,,,,,,,,,,,,,,,,,,,,
agreed in writing. ,,,,,,,,,,,,,,,,5. Set-off and Assignment ,,,,,,,,,,,,,
1.2. On,,placement,,,of,a,purchase,order,by,the,"customer,",,these,T&C,are,5.1. Set-off against any counterclaims of the customer is not permitted. ,,,,,,,,,,,,,
"deemed to be acknowledged, and will also apply for future transactions with",,,,,,,,,,,,,,,,5.2. Claims,of,the,customer,against,KARDEX,may,be,assigned,only,with,,,
the customer. ,,,,,,,,,,,,,,,,consent from KARDEX. ,,,,,,,,,,,,,
1.3. Any,,"deviating,",,,contradictory,,or,supplemental,,,,terms,and,conditions,of,5.3. The transfer of any rights and obligations under or in connection with a,,,,,,,,,,,,,
the customer apply only if expressly accepted by KARDEX in writing. ,,,,,,,,,,,,,,,,contract,between,the,parties,is,permitted,only,with,the,other,contracting,,,
1.4. Any,,amendments,,,of,and,additions,,to,the,contract,,must,be,made,in,party's written consent. ,,,,,,,,,,,,
writing.,,All,agreements,,and,,legally,binding,,declarations,,,of,the,parties,,,,,,,,,,,,,,
require written confirmation by KARDEX. ,,,,,,,,,,,,,,,,6. Liability ,,,,,,,,,,,,,
1.5. KARDEX,,,is entitled to,,,amend,the,T&C,at,any,time.,,The,version,current,6.1. The contractual and non-contractual liability of KARDEX both for its own,,,,,,,,,,,,,
at,the,time,of,the,purchase,,order,applies.,,In,,the,case,of,continuing,actions,and,for,the,actions,of,its,auxiliary,persons,is,"limited,",to,the,extent
contractual,,,"relationships,",,the,draft,,of,the,amended T&C,,,will,be,sent,to,the,"permitted by law, to immediate and direct damages and to a total of 20% of",,,,,,,,,,,
customer,,in,writing,,no,later,than,one,month,before,,the,proposed,date,of,the contractually agreed remuneration per delivery or service concerned. In,,,,,,,,,,,,,
their entry into force. The customer is deemed to have given its consent to,,,,,,,,,,,,,,,,the,case,of,continuing,obligations,(e.g.,service,contracts,under,Part,"C),",,,
the,amendments,,,if,it,has,not,rejected,them,by,the,planned,date,for,entry,liability,is,"limited,",to,the,extent,legally,"permitted,",per,contract,"year,",to,,
into,force.,The,,amended,T&C,,will,then,apply,to,,any,further,transactions,,immediate,and,direct,damages,and,to,the,amount,of,50% of,the,annual,,
between the parties. ,,,,,,,,,,,,,,,,remuneration payable for the product or service affected by the damage. In,,,,,,,,,,,,,
1.6.,The,general,,provisions,,of,these,T&C,(Part,A),,apply,to,all,transactions,case the liability cap in accordance with the above calculations is below EUR,,,,,,,,,,,,,
and,legal,relations,,,between,the,,parties,unless,,otherwise,,stated,in,the,"10,000 in individual cases, a liability cap of EUR 10,000 applies. ",,,,,,,,,,,,,
specific provisions (Parts B and C) or agreed in writing. ,,,,,,,,,,,,,,,,6.2. If KARDEX or its auxiliary persons unlawfully and culpably damage items,,,,,,,,,,,,,
1.7. The term “Product(s)” used in Part A is individually defined for each of,,,,,,,,,,,,,,,,owned,by,the,"customer,",KARDEX's,liability,"shall,",in,deviation,from,section,,,
Parts,B,and,C.,The,meaning,of,this,term,in,Part,A,shall,therefore,have,the,"A.6.1., be governed exclusively by the provisions of article 41 et seqq. of the",,,,,,,,,,,,,
meaning as defined in the applicable Part B and C. ,,,,,,,,,,,,,,,,"Swiss Code of Obligations (CO) and shall be limited, to the extent permitted",,,,,,,,,,,,,
2. Offers from KARDEX ,,,,,,,,,,,,,,,,by,"law,",to,EUR,"500,000",per,claim.,KARDEX's,liability,for,damages,to,the,
2.1. ,Unless,,expressly,,otherwise,,"agreed,",,,offers,,from,KARDEX,are,non-,product,itself,or,to,product,accessories,is,exclusively,governed,by,section,,,
binding;,,"otherwise,",,,the,offers,are,valid,for,60,days.,A,statement,by,the,A.6.1. ,,,,,,,,,,,,,
customer is deemed to be an acceptance only if it is fully consistent with the,,,,,,,,,,,,,,,,6.3. Further claims not expressly mentioned in this provision and these T&C,,,,,,,,,,,,,
KARDEX offer. ,,,,,,,,,,,,,,,,"for any legal reason, in particular but not limited to claims for compensation",,,,,,,,,,,,,
2.2. A,contract,,,is,only,validly,concluded if,,KARDEX,,,(i),confirms the,order,in,of indirect and/or consequential damages not incurred on the product itself,,,,,,,,,,,,,
writing or (ii) starts to perform the contract by delivering the Products or by,,,,,,,,,,,,,,,,as,well,as,damages,due,to loss,of,"production,",capacity,and,data,including,,
rendering the service. ,,,,,,,,,,,,,,,,their,"consequences,",loss,of,"use,",loss,of,"orders,",loss,of,"profit,",damage,to,
2.3.,Under,,no,circumstances,,,shall,silence,,by,KARDEX,,with,respect,to,a,reputation and punitive damages are excluded. ,,,,,,,,,,,,
counter-offer,,,,from,the,customer,,be,construed,,,as,a,declaration,of,6.4. The contractual and non-contractual liability of KARDEX is also excluded,,,,,,,,,,,,,
acceptance. ,,,,,,,,,,,,,,,,for,damages,which,are,due,to,(i),incorrect,information,about,operational,,,
2.4. The,,documents,,,relating,to,offers,and,,order,,"confirmations,",,such,as,and,technical,conditions,or,about,the,chemical,and,physical,conditions,for,,,
"illustrations,",,,"drawings,",,and,weight,,and,measurement,,,,"details,",are,binding,"the use of the products provided by the customer, auxiliary persons and/or",,,,,,,,,,,,,
only if this has been expressly agreed in writing. Unless ,,,,,,,,,,,,,,,,its,"advisors,",or,(ii),other,"actions,",omissions,of,the,"customer,",his,auxiliary,,
"otherwise agreed in writing, brochures and catalogues are not binding. ",,,,,,,,,,,,,,,,"persons,",advisors,or,third,parties,or,other,circumstances,within,,the,,,
,,,,,,,,,,,,,,,,responsibility of the customer. ,,,,,,,,,,,,,
3. Provided Documents ,,,,,,,,,,,,,,,,6.5. The above limitations and exclusions of liability do not apply (i) in cases,,,,,,,,,,,,,
Each,party,,retains,,all,rights,to,plans,and,technical,,documents,that,it,has,provided,of injury,to,"to life, body or health, (ii) in cases of intent or gross negligence on",,,,,,,,,,
"the other party. The receiving party acknowledges these rights, and shall not make such",,,,,,,,,,,,,,,,"the part of KARDEX or its auxiliary persons, and (iii) for claims from product",,,,,,,,,,,,,
documents,,,"available,",,in,full,or,in,"part,",to,any,third,party,without,the,prior,written,liability under product liability laws to the extent these laws are mandatory,,,,,,,,,,,
consent,,of,the,"other party, or use",,,them outside,,,,of,the,scope of the purpose for which,,,to the legal relationship between the parties. ,,,,,,,,,,,,,
they were provided for. This also applies after termination of the business relationship,,,,,,,,,,,,,,,,6.6. If,third,parties,are,injured,by,the,customer's,actions,or,omissions,or,if,
as well as in the event that no contract is concluded between the parties. ,,,,,,,,,,,,,,,,objects of third parties are damaged or third parties are otherwise damaged,,,,,,,,,,,,,
5 / 11 ,,,,,,,,,,,,,Service Care Vertrag ,,,,,,,,2025/10/27 ,,,,,,,,
and,KARDEX,,is,held,liable,for,"this,",KARDEX,has,a,right,of,recourse,to,the,"If any provision of the contract, including these T&C, are or become fully or",,,,,,,,,,,,
customer. ,,,,,,,,,,,,,,,"partially unenforceable or invalid under applicable law, such provision shall",,,,,,,,,,,,,
,,,,,,,,,,,,,,,be,ineffective,only,to,the,extent,of,such,unenforceability,or,invalidity,and,,
7. Intellectual Property ,,,,,,,,,,,,,,,the,remaining,provisions,of,the,contract,or,the,"T&C,","respectively,",shall,,,
7.1. The,,customer,,may,not,use,the,intellectual,,property,,of,KARDEX,(in,continue,to,be,binding,and,in,full,force,and,effect.,Such,unenforceable,or,
"particular technical protective rights, brands and other signs, designs, know-",,,,,,,,,,,,,,,"invalid provision shall be replaced by such a valid and enforceable provision,",,,,,,,,,,,,,
"how,",copyright,,to,software,,and,other,works),for,any,purposes,other,than,,"which the parties consider, in good faith, to match as closely as possible the",,,,,,,,,,,,,
those expressly agreed between the parties. ,,,,,,,,,,,,,,,invalid,or,unenforceable,provision,and,attaining,the,same,or,a,similar,,,
7.2.,Without,,the,express,,permission,of,"KARDEX,",,the,customer,may,,not,economic effect. The same applies in case a gap (Lücke) becomes evident. ,,,,,,,,,,,,,
transfer or otherwise provide KARDEX Products to third parties without the,,,,,,,,,,,,,,,,,,,,,,,,,,,,
attached brands. ,,,,,,,,,,,,,,,11. Office Hours ,,,,,,,,,,,,,
7.3. Where,,,KARDEX,supplies,,software,to,the,"customer,",,the,customer,only,,Office,hours are,the,usual,working,hours Monday,"- Friday,",9:00,a.m.,- 6:00,,,,
acquires,,a,"simple,",non-exclusive,,,and,non-transferrable,,,right,of,use.,The,"p.m.,",with,the,exception,of,the,public,holidays,at,the,registered,office,of,
customer is not granted any right to edit the software. ,,,,,,,,,,,,,,,KARDEX. ,,,,,,,,,,,,,
8. Data Protection ,,,,,,,,,,,,,,,12. Governing Law and Jurisdiction ,,,,,,,,,,,,,
8.1. The,,protection,,of,personal,data,is,an,important,priority,,for,KARDEX.,,12.1. These,T&C,and the,entire,legal,relationship between the,,parties shall,,,,,,
KARDEX,,and,the,customer,,undertake,to,comply,,at,all,times,with,the,"be governed by, and construed in accordance with, Swiss law, with exclusion",,,,,,,,,,,,,
applicable,,legal,,provisions,,on,data,protection.,In,"particular,",,the,customer,,of the United Nations Convention on Contracts for the International Sale of,,,,,,,,,,,,,
assures that KARDEX is permitted to use personal data provided to them by,,,,,,,,,,,,,,,Goods. ,,,,,,,,,,,,,
"the customer in accordance with this section A.8., and indemnifies and holds",,,,,,,,,,,,,,,"12.2. Any dispute, controversy or claim arising out or in connection with the",,,,,,,,,,,,,
KARDEX fully harmless from any claims by the persons affected. ,,,,,,,,,,,,,,,contract,between the,parties and/or,these,"T&C,",including,,their,"conclusion,",,,,,
"8.2. KARDEX collects, processes and uses the customer’s personal data for",,,,,,,,,,,,,,,"validity,",binding,"effect,","breach,",termination,or,"rescission,",shall,be,resolved,,,,
the performance of the contract. The customer’s data will further be used,,,,,,,,,,,,,,,by arbitration in accordance with the Swiss Rules of International Arbitration,,,,,,,,,,,,,
"for the purposes of future customer service, in which context the customer",,,,,,,,,,,,,,,of the Swiss Chambers’ Arbitration Institution. Regarding the time for,,,,,,,,,,,,,
has,the,right,to,object,in,writing,"at any time. In addition, the customer’s",,,,,,,,service of,"initiation pleadings, the current text of the Rules of International",,,,,,,,,,,,
machines,,and,operational,,,data,may,be,used,and,evaluated,in,anonymised,,Arbitration,applies.,The,venue,of,the,arbitration,procedure,is,the,city,of,,
form,and,user,information,,,on,the,customer's,employees,,,may,be,used,in,"Zurich,",Switzerland.,The,language,of,the,arbitration procedure,is English,or,,,,
pseudonymized,,,,form,for,diagnosis,and,,analysis,,"purposes,",and,,in,German. ,,,,,,,,,,,,,
anonymized,,,form,for,the,further,development,,of,KARDEX,,products,,and,,,,,,,,,,,,,,
services (e.g. preventive maintenance). All data deriving from such analysis,,,,,,,,,,,,,,,B. Specific Provisions for Deliveries ,,,,,,,,,,,,,
and diagnosis shall belong to KARDEX and may be freely used by KARDEX. ,,,,,,,,,,,,,,,,,,,,,,,,,,,,
8.3. The,,personal,,data,of,the,customer,will,only,be,passed,on,to,other,,,,,,,,,,,,,,
,,,,,,,,,,,,,,,1. Delivery ,,,,,,,,,,,,,
companies (e.g.,,,,the,transport,company,entrusted with the,,,,,delivery),within,,,,,,,,,,,,,,,
,,,,,,,,,,,,,,,1.1. The,subject-matter of,delivery,contracts,,is,the,delivery,of,"systems,",,,,
the,scope,,of,contract,,processing,and,the,provision,,,of,information,,,,,,,,,,,,,,,
,,,,,,,,,,,,,,,machines and/or software products and individually customised software in,,,,,,,,,,,,,
"technology and other administrative support activities. Otherwise, personal",,,,,,,,,,,,,,,,,,,,,,,,,,,,
,,,,,,,,,,,,,,,accordance with the specifications in the order confirmation handed over to,,,,,,,,,,,,,
data will not be passed on to third parties. KARDEX ensures that companies,,,,,,,,,,,,,,,,,,,,,,,,,,,,
,,,,,,,,,,,,,,,"the customer by KARDEX (each individually or collectively ""Product(s)""). ",,,,,,,,,,,,,
that process personal data on behalf of KARDEX comply with the applicable,,,,,,,,,,,,,,,,,,,,,,,,,,,,
,,,,,,,,,,,,,,,1.2. Only the characteristics listed in the order confirmation are guaranteed,,,,,,,,,,,,,
legal,provisions,,,on,data,protection,and,that,a,comparable,,level,of,data,,,,,,,,,,,,,,
,,,,,,,,,,,,,,,features.,Public,"statements,",promotions,,and,advertisements,do,not,,,,,
"protection is guaranteed, especially in the case of transfer abroad. ",,,,,,,,,,,,,,,,,,,,,,,,,,,,
,,,,,,,,,,,,,,,constitute guaranteed features of the Products. It is the customer’s,,,,,,,,,,,,,
8.4. The,,customer,,may,contact,,KARDEX,free,of,charge,with,any,queries,,,,,,,,,,,,,,,
,,,,,,,,,,,,,,,responsibility to assess whether or not the ordered Products are suitable for,,,,,,,,,,,,,
"regarding the collection, processing or use of its personal data. ",,,,,,,,,,,,,,,,,,,,,,,,,,,,
,,,,,,,,,,,,,,,their intended purpose. ,,,,,,,,,,,,,
8.5. When,,using,,web-based,,products,of,KARDEX,(such,as,customer,,"portal,",,,,,,,,,,,,,,,
,,,,,,,,,,,,,,,1.3. Any,quality,guarantees in addition to,,features guaranteed in the,,,order,,,,,,
remote,,portal),personal,,data,will,be,recorded.,The,"collection,",,processing,,,,,,,,,,,,,,,,
,,,,,,,,,,,,,,,confirmation must be confirmed by KARDEX in writing. ,,,,,,,,,,,,,
and,use,of,such,data,"can,",upon,customer's,,"request,",,be,governed,by,a,,,,,,,,,,,,,,
,,,,,,,,,,,,,,,1.4. KARDEX reserves the right to make design and/or shape changes to the,,,,,,,,,,,,,
separate data processing agreement. ,,,,,,,,,,,,,,,,,,,,,,,,,,,,
,,,,,,,,,,,,,,,Products,if,the,Product,thereafter,deviates,only,insignificantly,from,the,,,,
,,,,,,,,,,,,,,,agreed,quality,and,the,changes,are,reasonable,for,the,customer,or,if,the,
9. Confidentiality ,,,,,,,,,,,,,,,,,,,,,,,,,,,,
,,,,,,,,,,,,,,,customer agrees to the change of the agreed quality. ,,,,,,,,,,,,,
9.1. Each of the parties undertakes to keep confidential all trade secrets and,,,,,,,,,,,,,,,,,,,,,,,,,,,,
confidential,,,information,,brought,to,their,knowledge,,by,the,other,"party,",in,,,,,,,,,,,,,,
,,,,,,,,,,,,,,,2. Delivery Time ,,,,,,,,,,,,,
"particular, all information on customer relationships and their details, other",,,,,,,,,,,,,,,,,,,,,,,,,,,,
,,,,,,,,,,,,,,,2.1. Delivery times are non-binding unless expressly confirmed as binding by,,,,,,,,,,,,,
important,,,information,,such ,as,"plans,",service,,"descriptions,",,product,,,,,,,,,,,,,,,,
,,,,,,,,,,,,,,,KARDEX in writing. ,,,,,,,,,,,,,
"specifications,",,,,information,,on,production,,processes,,and,any,other,,,,,,,,,,,,,,,
,,,,,,,,,,,,,,,2.2. Delivery,periods,start,with,the,dispatch,of,the,order,confirmation,or,,,
confidential information made available to it and/or otherwise disclosed by,,,,,,,,,,,,,,,,,,,,,,,,,,,,
,,,,,,,,,,,,,,,receipt,of,the,order,in,case,there,is,no,order,"confirmation,",but,not,before
the,other,party,,in,written,or,other,"form,","and,",in,"particular,",not,to,make,,,,,,,,,,,,,,
,,,,,,,,,,,,,,,the,receipt,of,any,advance,payment,or,collateral,to,be,provided,by,the,
direct,or,indirect,,use,thereof,in,business,dealings,,and/or,,for,competitive,,,,,,,,,,,,,,,
,,,,,,,,,,,,,,,customer. ,,,,,,,,,,,,,
"purposes,",,and/or,,pass,it,on,to,third,parties,in,business,dealings,and/or,for,,,,,,,,,,,,,,
,,,,,,,,,,,,,,,2.3.,If,subsequent,change,requests,by,the,customer,are,"accepted,",the,,,
"competitive purposes, and/or otherwise bring it directly or indirectly to the",,,,,,,,,,,,,,,,,,,,,,,,,,,,
,,,,,,,,,,,,,,,delivery,period,and,delivery,date,are,extended,and,postponed,at,least,by,,
"attention of third parties, either itself or through third parties. ",,,,,,,,,,,,,,,,,,,,,,,,,,,,
,,,,,,,,,,,,,,,the time required for implementation of the requested changes. ,,,,,,,,,,,,,
9.2. The confidentiality agreement does not apply where the information is,,,,,,,,,,,,,,,,,,,,,,,,,,,,
,,,,,,,,,,,,,,,2.4. Delivery,periods,and,delivery,dates,are,met,if,on,their,expiry,the,,
publicly,,"known,",,was,already,known,to,the,other,party,when,"received,",,has,,,,,,,,,,,,,,
,,,,,,,,,,,,,,,Product has left the factory or notification of readiness for dispatch has been,,,,,,,,,,,,,
been made available by third parties without any breach of a party’s,,,,,,,,,,,,,,,,,,,,,,,,,,,,
,,,,,,,,,,,,,,,given.,In,the,case,of,installation,of,"Products,",the,delivery,period,is,met,by
confidentiality,,,"obligation,",,,or,whose,disclosure,is,mandatory,,under,legal,,,,,,,,,,,,,,,
,,,,,,,,,,,,,,,timely,handover,or,acceptance,of,the,installed Product.,Delays beyond,the,,,,,
"provisions, official orders or court orders, in particular judgments. The party",,,,,,,,,,,,,,,,,,,,,,,,,,,,
,,,,,,,,,,,,,,,"control of KARDEX (e.g. failure by the customer to provide ancillary services,",,,,,,,,,,,,,
wishing to invoke these exceptions bears the burden of proof in this regard. ,,,,,,,,,,,,,,,,,,,,,,,,,,,,
,,,,,,,,,,,,,,,such,as,the,provision,of,"documents,",permits,and/or,clearances,to,be,,,
9.3. The parties will place all persons,,,,,,,whose services they use for providing,,,,,,,,,,,,,,,,,,,,,
,,,,,,,,,,,,,,,obtained,by,the,"customer,",ensuring,the,availability,of,a,suitable,lifting,,,
services or,,who,,otherwise,,come,into,contact,with confidential,,,information,,,,,,,,,,,,,,,,
,,,,,,,,,,,,,,,platform,or,opening,the,building),will,at,least,result,in,a,corresponding,,
as,per,section,A.9.1,under,,a,confidentiality,obligation,,in,accordance,,with,,,,,,,,,,,,,,,
,,,,,,,,,,,,,,,extension,of,the,delivery,period.,KARDEX,has,the,right,to,charge,incurred,,
sections A.9.1. and A.9.2. ,,,,,,,,,,,,,,,,,,,,,,,,,,,,
,,,,,,,,,,,,,,,cost from such delays. ,,,,,,,,,,,,,
10. Severability ,,,,,,,,,,,,,,,,,,,,,,,,,,,,
6 / 11 ,,,,,,,,,,,,Service Care Vertrag ,,,,,,,,2025/10/27 ,,,,,,,,
2.5. Force,,,"majeure,",,"strikes,",lockouts,and,other,,impediments,,,beyond,the,,notified about any defects in a detailed written report. If the customer fails,,,,,,,,,,,,,,
control,,of,KARDEX,,will,extend,and,postpone,agreed,,delivery,,periods,and,,"to meet this complaint notification obligation, all warranty claims will lapse. ",,,,,,,,,,,,,,
delivery,,dates,by,no,more,than,the,duration,of,the,"impediment,",,to,the,,"5.3. If acceptance is delayed for reasons beyond the control of KARDEX, the",,,,,,,,,,,,,,
extent that such impediments can be proven to have a significant impact on,,,,,,,,,,,,,,,,Product is deemed to be accepted 14 days after the receipt of the Products,,,,,,,,,,,,,,
completion,,,or,delivery,of,the,Products,or,associated,,services.,,The,same,,"or,",if,it,is,a,delivery,with,"installation,",the,notification,that,the,Products,are,
applies,,where,the,impediments,,to,performance,,occur,,in,the,operations,of,,ready for inspection. The Product is further deemed to be accepted if it is in,,,,,,,,,,,,,,
KARDEX' upstream suppliers. KARDEX will further not be accountable for the,,,,,,,,,,,,,,,,productive use by the customer. ,,,,,,,,,,,,,,
above,,circumstances if,,,they,arise,during,an,already,existing,,delay.,KARDEX,,,5.4. If,the,Product,shows,only,minor,defects,in,the,acceptance,"inspection,",,,,
will,notify,the,,customer,without,delay,,of,the,beginning,and,,end,of,such,the,customer,may,not,refuse,acceptance;,,"instead,",in,this,case,the,Product,,
impediments. ,,,,,,,,,,,,,,,,is deemed to be accepted. ,,,,,,,,,,,,,,
"2.6. If the dispatch of the Products is delayed at the customer’s request, the",,,,,,,,,,,,,,,,"5.5. With acceptance, KARDEX is no longer liable for any defects which could",,,,,,,,,,,,,,
customer,,will,be,invoiced,as,from,one,month,,after,the,notification,,of,,have,been discovered on normal,,,,inspection and which are,,,,not,listed in,the,,,
readiness,,for shipment,,,issued by KARDEX for the resulting storage costs; in,,,,,,,,,,,customer acceptance certificate. ,,,,,,,,,,,,,,
the,case,of,storage,,in,the,"factory, KARDEX",,may,claim,a,storage,fee,in,,,,,,,,,,,,,,,,
accordance,,,with,normal,local,rates.,KARDEX,,"is,","however,",,"entitled,",,after,,6. Warranty ,,,,,,,,,,,,,,
setting,,a,reasonable,,deadline,that,has,expired,without,,"effect,",,to,use,the,6.1. KARDEX,,warrants,the,delivery,of,Products,,free,from,defects.,Products,,,
"Product otherwise, and to supply the customer with a similar product within",,,,,,,,,,,,,,,,shall be deemed defective if (i) they are demonstrably afflicted with defects,,,,,,,,,,,,,,
a new delivery period. ,,,,,,,,,,,,,,,,at the time of passing of risk which cancel or significantly reduce their value,,,,,,,,,,,,,,
2.7. Partial deliveries are permitted. ,,,,,,,,,,,,,,,,or (ii) guaranteed characteristics are not met. ,,,,,,,,,,,,,,
,,,,,,,,,,,,,,,,6.2.,In,the,event,of,breach,of,warranty,by,"KARDEX,",KARDEX,shall,have,the,
3. Late Delivery ,,,,,,,,,,,,,,,,right and the duty to rectify the defect (Nachbesserung) within a reasonable,,,,,,,,,,,,,,
3.1. The customer’s entitlement to compensation for damages caused,,,,,,,,,,,,,,by,,deadline. If KARDEX's first attempt to rectify the defect is unsuccessful or if,,,,,,,,,,,,,,
delay,is,dependent,,,on,prior,notification,of,the,delay,in,writing,by,the,,KARDEX,,does,not,take,any,"action,",the,customer,has,to,grant,KARDEX,a,
"customer to KARDEX, and provision of proof of damage incurred as a result",,,,,,,,,,,,,,,,second,reasonable,deadline,,,to,rectify,the,defect.,If,the,second,attempt,to,
of,the,delay.,The,damages,,caused,by,delay,will,in,any,case,be,limited,to,a,rectify,is,unsuccessful,or,if,KARDEX,allows,this,second,reasonable,deadline,,,
maximum of 0.1% of,,,,,"the consideration per expired week of delay, and to a",,,,,,,,,,,"to expire without taking any action, KARDEX, at its own discretion, shall offer",,,,,,,,,,,,,,
maximum of 5% of the total consideration. Further compensation claims by,,,,,,,,,,,,,,,,the customer either replacement delivery or repair without charge. ,,,,,,,,,,,,,,
the,customer,,due,to,delay,are,excluded;,this,does,not,apply,in,the,case,of,"6.3. KARDEX is obliged to bear all costs necessary to rectify, repair or replace",,,,,,,,,,,,,,
willful misconduct or gross negligence by KARDEX. ,,,,,,,,,,,,,,,,a,defective,"Product,",in,particular,costs,for,"transport,",,labor,and,"materials,",,,
3.2. The,,customer,,can,only,waive,delivery,and withdraw,,,from,the,contract,,,unless,such,costs,are,increased,due,to,the,fact,that,the,Product,has,been,
"if,",after,the,agreed,,delivery,date,has,passed,or,the,agreed,delivery,period,,,moved to a location other than the agreed place of delivery. ,,,,,,,,,,,,,,
has,"expired,",,(i),the,customer,sets,KARDEX,in,writing,two,grace,,periods,of,,6.4.,If,the,"rectification,",replacement,,delivery,or,repair,ultimately,"fails,",the,,,
reasonable,,,length,",",whereby,each,grace,period,shall,at,least,be,10,"weeks,",,customer may claim a price reduction (Minderung). Only if the Product has,,,,,,,,,,,,,,
(ii),these,two,grace,,periods,expire,without,"success,",,and,(iii),the,"customer,",,,physical defects that render it unsuitable for the intended purpose may the,,,,,,,,,,,,,,
"immediately after expiry of the second grace period, declares in writing that",,,,,,,,,,,,,,,,customer alternatively rescind the contract (Wandelung). ,,,,,,,,,,,,,,
it waives delivery or withdraws from the contract. ,,,,,,,,,,,,,,,,6.5. If KARDEX has guaranteed a specified level of performance (throughput),,,,,,,,,,,,,,
3.3. To,,the,extent,,permitted,by,"law,",all,further,claims,and,rights,of,the,,or,a,specified,availability,of,a,device,"and,",at,the,time,of,acceptance,by,the
customer,,due,to,or,in,relation,with,the,"delay,",in,particular,with,respect,to,,"customer,",,the,shortfall,with,respect,to,the,guaranteed,performance,,or,,,
"any further damages, are excluded. ",,,,,,,,,,,,,,,,availability,,is,no,more,than,"15%,",the,"customer,",to,the,extent,permitted,by,
,,,,,,,,,,,,,,,,"law, shall not have the right to rescind the contract, request a replacement",,,,,,,,,,,,,,
4. Place of Delivery; Transfer of Risk; Inspection Obligation ,,,,,,,,,,,,,,,,delivery,or,claim,damages.,,As,a,"remedy,","KARDEX,",at,its,own,"choice,",shall,
"4.1. Unless expressly agreed otherwise, the Product will be delivered “FCA",,,,,,,,,,,,,,,,offer the customer either rectification or a price reduction. ,,,,,,,,,,,,,,
KARDEX factory” (Incoterms 2010). ,,,,,,,,,,,,,,,,6.6. ,If,(a),KARDEX,has,guaranteed,a,specified,level,of,performance,,,,
4.2. If,,an,installation,,of,the,Product,has,been,"agreed,",the,Product,will,be,,(throughput),,or,availability,,of,a,"device,",(b),the,customer,subsequently,,,
"delivered “DDP customer’s factory” (Incoterms 2010), unless expressly",,,,,,,,,,,,,,,,changes,,the,device,specification,or,places,additional,,"orders,",and,(c),this,,
"agreed otherwise. In this case,",,,,,,the risk passes to,,,,the customer at the,,,latest,,,reduces,,the,performance,,or,"availability,",the,guaranteed,values,shall,be,,,
at the arrival of the Product at the customer's premises. ,,,,,,,,,,,,,,,,deemed adjusted accordingly. ,,,,,,,,,,,,,,
4.3. If shipment is delayed in the situation according to section B.4.1. due to,,,,,,,,,,,,,,,,6.7. The customer’s warranty rights in case of supply of Products not in,,,,,,,,,,,,,,
circumstances,,,,beyond,the,control,of,"KARDEX,",,the,use,and,risk,of,the,accordance,,with,the,contract,become,time-barred,,on,the,expiry,of,12,,
Products will pass to the customer when the goods are ready for dispatch. ,,,,,,,,,,,,,,,,months after delivery to the customer. ,,,,,,,,,,,,,,
"4.4. In the situation according to section B.4.2., the customer is required to",,,,,,,,,,,,,,,,6.8. Warranty,,claims,expire,,early,if,any,attempted,repairs,or,modification,,,
inspect,,the,Product,,for,externally,visible,damage,,immediately,,,upon,its,,are,carried,out,by,untrained,or,uncertified,personnel,,of,the,customer,or,,
delivery,,"and,",if,a,transport,damage,is,"suspected,",,to,provide,a,written,and,,untrained,,or,uncertified,,third,"parties,",if,the,Product,is,operated,or,,
photographically,,,,documented,,report,of,the,damage,in,due,course,so,that,,maintained,,inappropriately,,,or,contrary,"to the manufacturer’s instructions,",,,,,,,
the deadlines for making insurance claims can be met. ,,,,,,,,,,,,,,,,or if the Product is moved by the customer to another location without the,,,,,,,,,,,,,,
,,,,,,,,,,,,,,,,involvement of KARDEX. ,,,,,,,,,,,,,,
5. Inspection and Acceptance ,,,,,,,,,,,,,,,,,,,,,,,,,,,,,,
5.1.,The,customer,,is,required,to,inspect,the,quality,,and,quantity,of,the,,7. Prices and Payment Conditions ,,,,,,,,,,,,,,
Product,,supplied,,immediately,,upon,,receipt.,Any,defects,,or,incorrect,,,7.1. If,the,legal,or,regulatory,requirements,,for,the,Product,change,after,,,
deliveries,,must,,be,reported,"immediately,",,but,in,any,event,within,10,days,,conclusion,,of,the,contract,and,this,makes,it,significantly,more,difficult,for,,
"from receipt of the Product (or from detection in case of hidden defects), in",,,,,,,,,,,,,,,,KARDEX,,to,deliver,the,Products,in,accordance,with,the,"contract,",KARDEX,,,
detail,,in,writing,and,with,photographic,,documentation.,,,If,the,report,is,,may,charge,a,reasonable,increase,of,the,consideration.,,An agreed delivery,,,,,
"submitted late, the deliveries will be deemed accepted and no warranty will",,,,,,,,,,,,,,,,"period,",where,"applicable,",,will,be,extended,by,the,delay,resulting,from,the,,
apply. ,,,,,,,,,,,,,,,,change. ,,,,,,,,,,,,,,
"5.2. If an installation of the Product has been agreed, the customer is obliged",,,,,,,,,,,,,,,,7.2.,In,deviation,from,section,"A.4.2.,",the,purchase,price,will,be,due,for,,
to carry out an inspection and acceptance procedure on the Product as soon,,,,,,,,,,,,,,,,"payment as follows: if KARDEX has undertaken to install the Product, 50% is",,,,,,,,,,,,,,
as KARDEX notifies the customer that the Products are ready for inspection.,,,,,,,,,,,,,,,,payable,upon,placement,,of,the,"order,",40%,upon,delivery,(or,no,later,than,
Defects,,must,,be,recorded,in,a,written,report,(customer,,,acceptance,,,30 days after notification of delivery) and 10% within 30 days of acceptance.,,,,,,,,,,,,,,
certificate).,,,Immediately,,after,the,acceptance,,"inspection,",,KARDEX,,is,to,be,"If KARDEX has not undertaken to install the Product, the full purchase price",,,,,,,,,,,,,,
sent,a,copy,of,the,customer,acceptance,,certificate,,and,KARDEX,,is,to,be,is,payable,30,days,after,supply,and,"invoicing,",without,deduction.,Advance,,,,
7 / 11 ,,,,,,,,,,,Service Care Vertrag ,,,,,,,,,,,,,2025/10/27 ,,,,,,
and,prepayments,,,are,payable,,within,10,days,from,date,of,the,invoice,C. Provisions for Life Cycle Services ,,,,,,,,,,,,,,
without deduction. ,,,,,,,,,,,,,,,,,,,,,,,,,,,,,
7.3.,If,the,purchase,price,is,specified,,in,a,currency,other,than,in,"Euro,",The terms and conditions for Life Cycle services are arranged in three major,,,,,,,,,,,,,,
KARDEX,,is,entitled,to,additionally,,,charge,the,customer,for,any,currency,"parts. Part C1 contains general definitions, Part C2 describes the terms and",,,,,,,,,,,,,,,
effects occurring between the order confirmation and the final invoice. ,,,,,,,,,,,,,,conditions,,for,individual,,services,,and,Part,C3,outlines,the,terms,and,,
,,,,,,,,,,,,,,conditions for service contracts. ,,,,,,,,,,,,,,,
8. Spare Parts; Wear Parts; Maintenance Commitment ,,,,,,,,,,,,,,,,,,,,,,,,,,,,,
,,,,,,,,,,,,,,C1: General Definitions ,,,,,,,,,,,,,,,
8.1. KARDEX,,,gives,the,customer,,an,assurance,of,the,availability,of,non-,,,,,,,,,,,,,,,,
electronic,,,spare,and,wear,parts,"(""Parts"")",,for,a,period,of,10,"years,",and,1. Individual Service Orders ,,,,,,,,,,,,,
"electronic Parts for a period of 6 years, from the delivery of the Machine. ",,,,,,,,,,,,,,1.1. Subject matter of individual service orders is the provision of individual,,,,,,,,,,,,,,,
8.2. With,,respect,,to,"software,",the,maintenance,,commitment,,,of,KARDEX,is,"services,",such,as,"repairs,",installations,,and,commissioning,,without,,delivery,,,
subject,,to,any,maintenance,,contract,,concluded,between,,KARDEX,and,the,of,a,"system,",relocation,,of,a,"system,","maintenance,",,"modifications,",,retrofits,,,
customer. ,,,,,,,,,,,,,,and upgrades of any Product as delivered under Part B (hereinafter referred,,,,,,,,,,,,,,,
,,,,,,,,,,,,,,to,individually,,or,collectively,as,"""Individual",,,"Service(s)""",or,"""Individual",,,,
9. Technical Support by the Customer ,,,,,,,,,,,,,,"Order""). ",,,,,,,,,,,,,,,
9.1.,If,the,installation,of,the,Product,,has,been,"agreed,",the,customer,is,1.2. The scope of services is determined in the subsequent provisions as well,,,,,,,,,,,,,,,
obliged,,to,provide,technical,,support,,at,its,own,expense.,This,includes,in,as,in,the,order,"confirmation,",which,specify,(a),the,services,to,be,"provided,",,
particular: ,,,,,,,,,,,,,,(b),the,"system,",,machine,and/or,,software,,(hereinafter,,referred,to,,,
a),Any,necessary,,under-pouring,,,or,plugging,of,the,steel,framework,and,individually,,or,collectively,,as,"""Product(s)"") for",,which,,the,services,are,to,be,
laying,of,the,underfloor,,(screed flooring),,,after,installation.,,The,customer,is,"provided, (c) place of delivery and delivery times, and (d) the remuneration",,,,,,,,,,,,,,,
to,provide,,the,installation,surface,,for,the,Product,at,the,new,location,in,owed therefor. ,,,,,,,,,,,,,,
well-swept condition. ,,,,,,,,,,,,,,,,,,,,,,,,,,,,,
b),Provision,,of,"and,",if,and,to,the,extent,requested,by,KARDEX,in,each,2. Service Contract ,,,,,,,,,,,,,,
"particular case, operation and maintenance of the necessary equipment and",,,,,,,,,,,,,,2.1. ,The,subject,,matter,of,a,service,contract,is,the,performance,of,,,
heavy,,tools,(e.g.,scissor,lift),as,agreed,with,"KARDEX,",,and,the,required,"maintenance, repair work or other services (""Maintenance"" or ""Service(s)"")",,,,,,,,,,,,,,,
"auxiliary items and materials (e.g. underlays, wedges, lubricants, fuel, etc.). ",,,,,,,,,,,,,,on Products over several years. ,,,,,,,,,,,,,,,
c),Provision,,of,"heating,","lighting,",,site,energy,"supply,",,"water,",including,the,2.2. ,The,scope,of,the,services,is,determined,,by,the,service,"contract,",,,
necessary connections. ,,,,,,,,,,,,,,"specifying (a) the chosen service package (BASE, FLEX or FULL Care), (b) the",,,,,,,,,,,,,,,
d),Provision,,of,"suitable,",burglar-proof,,,personnel,,rooms,and,work,rooms,"Products for which Maintenance is to be provided, and (c) the remuneration",,,,,,,,,,,,,,,
with,"heating,",,"lighting,",washing,,,facilities,and,sanitary,"facilities,",,and,first,aid,payable as the annual fee. ,,,,,,,,,,,,,,
for the installation personnel. ,,,,,,,,,,,,,,,,,,,,,,,,,,,,,
e),Transport,,of,installation,parts,,to,the,installation,"location,",,protection,of,3. Response Times ,,,,,,,,,,,,,,,
the installation location and installation materials from harmful effects of all,,,,,,,,,,,,,,“Helpdesk Reaction Time” is defined as the time from when the customer’s,,,,,,,,,,,,,,,
"kinds, cleaning of the installation location. ",,,,,,,,,,,,,,fault,report,is,received,,by,the,KARDEX,Central,Call,Desk,"(""CCD"")",to,when,,
,,,,,,,,,,,,,,KARDEX,Remote,,,Support,or,telephone-based service begins. “OnSite,,,,,,,,,
f),Provision,,of,materials,and,carrying,,out,any,other,actions,required,for,Reaction Time” is defined as the time from when the customer’s fault report,,,,,,,,,,,,,,,
initial adjustment of the Product and carrying out testing as specified in the,,,,,,,,,,,,,,is received by the CCD to the service technician’s arrival on site. Only the,,,,,,,,,,,,,,,
contract. ,,,,,,,,,,,,,,reaction,time,during,,normal,office,hours,,is,"relevant,",with,continuation,on,,,
,,,,,,,,,,,,,,the,next,working,"day,",where,applicable.,,,Times outside,,normal,office,hours,,,
"g) Ensuring the floor load capacity at the installation location, and providing",,,,,,,,,,,,,,"will not be taken into account when calculating the response time, unless an",,,,,,,,,,,,,,,
"an installation surface that is robust, level on all sides and horizontal. ",,,,,,,,,,,,,,extended “Onsite & Heldesk support” is agreed upon in the corresponding,,,,,,,,,,,,,,,
,,,,,,,,,,,,,,service,contract.,,,KARDEX,guarantees,,to,the,customer,that,it,will,meet,,
"h) Prior to the start of installation, provide at the location of the machine as",,,,,,,,,,,,,,response times as described in the service contract. ,,,,,,,,,,,,,,,
per,relevant,,regulations,,the,required,,energy,"supply,",,internet,and,data,,,,,,,,,,,,,,,,
connection in accordance with KARDEX specifications. ,,,,,,,,,,,,,,4. Fault Reports ,,,,,,,,,,,,,,,
,,,,,,,,,,,,,,"4.1. All faults must be reported to KARDEX by telephone, online or using the",,,,,,,,,,,,,,,
i),Providing,,the,structural,,,prerequisites,,for,"correct,",,problem-free,,"Remote Help Request button, so that recording and classification of the fault",,,,,,,,,,,,,,,
installation,,,(for,"example,",moving,,of,ventilation,"ducts,",,batten,light,"fittings,",can,be,undertaken,,within,the,Helpdesk,,Reaction,,"Time,",and,so,that,the,
"water pipes, if these obstruct the installation of the Product). ",,,,,,,,,,,,,,necessary arrangements can be initiated without delay. ,,,,,,,,,,,,,,,
,,,,,,,,,,,,,,"4.2. The elimination of the fault is carried out by telephone support, Remote",,,,,,,,,,,,,,,
9.2. The,,technical,,support,provided,,,by,the,customer,must,be,such,as,to,Support,(if,agreed),or,an,on-site,callout,of,a,technician.,The,choice,of,the
ensure,,that,the,work,on,providing,,the,services,can,begin,immediately,on,suitable measure(s) is at the sole discretion of KARDEX. ,,,,,,,,,,,,,,,
the,arrival,of,the,KARDEX,technician,,,and,can,be,carried,out,without,delay,4.3. If a customer submits fault reports outside the contractually agreed On-,,,,,,,,,,,,,,
until acceptance by the customer. The technician should be able to work at,,,,,,,,,,,,,,site,&,Heldesk,support,,"hours,",KARDEX,is,not,obligated,to,initiate,a,service,,
optimum,,capacity,,between,,7:00,a.m.,and,6:00,p.m.,If,special,plans,or,intervention,such,,as,telephone,"support,",,Remote,,Support,or,an,on-site,,
instructions,,,from,KARDEX,are,,needed,for,the,"installation,",,KARDEX,will,"callout. If an on-site callout does, however, take place, the customer will be",,,,,,,,,,,,,,,
supply these to the customer sufficiently in advance. ,,,,,,,,,,,,,,charged,at,double,,the,applicable,,hourly,rate,of,the,KARDEX,customer,,,
9.3. The,,customer,,will,"provide,",,when,"needed,",assistance,,to,the,KARDEX,service. ,,,,,,,,,,,,,,,
technician on site with its own personnel to the best of its ability; this applies,,,,,,,,,,,,,,4.4. KARDEX,,is,obliged,,to,investigate,a,fault,only,if,it,has,been,properly,
in,particular,,where,work,is,to,be,carried,out,that,a,single,person,cannot,"reported by the customer, and if the fault at the client’s location is",,,,,,,,,,,,,,
"reasonably be expected to perform, or that cannot be",,,,,,,,,,,carried out safely by,,,reproducible or can be demonstrated by machine-generated outputs. ,,,,,,,,,,,,,,,
a,single,person.,,KARDEX,cannot,,,be,charged,for,such,assistance.,The,4.5. For,software,,,fault,special,conditions,,apply.,A,software,fault,is,present,,
customer,,is,to,confirm,the,work,carried,out,by,the,KARDEX,technician,by,only,if,the,use,of,core,functions,of,the,software,is,impossible,or,severely,,
signing off the technician’s work report. ,,,,,,,,,,,,,,"impaired, and/or ",,,,,,,,,,,,,,,
"9.4. If the customer fails to meet its obligations, KARDEX, after issuing a non-",,,,,,,,,,,,,,"▪ the software produces incorrect results, which cannot be attributed to",,,,,,,,,,,,,,,
compliance,,,"notice,",is,"entitled,",,but,not,"obliged,",to,carry,out,the,actions,operating errors by the customer; or ,,,,,,,,,,,,,,
"incumbent on the customer in the customer’s place, and at customer’s",,,,,,,,,,,,,,▪ there is an uncontrolled interruption of the running of the software that,,,,,,,,,,,,,,,
"expense, or have them carried out by third parties. In addition, there can be",,,,,,,,,,,,,,is not caused by a program interface; or ,,,,,,,,,,,,,,,
no delay on the part of KARDEX to the extent and for as long as the customer,,,,,,,,,,,,,,▪ use of the software is severely impaired or prevented in another manner,,,,,,,,,,,,,,,
has failed to meet its obligations. ,,,,,,,,,,,,,,contrary to correct functionality. ,,,,,,,,,,,,,,,
8 / 11 ,,,,,,,,,,,Service Care Vertrag ,,,,,,,,,,,2025/10/27 ,,,,,,,
1.1. ,,A software fault is not present in the case of problems for which the,,,,,,,,,,,,1.7. Modification services are intended to adapt the system to the changes,,,,,,,,,,,,,,
,,cause,cannot,be,attributed,to,software,,supplied,by,"KARDEX,",but,in,implied by the customer’s business operation in mechanics and software to,,,,,,,,,,,,,,
,,particular,rather,to,the,software,,,of,other,"manufacturers,",,the,ensure that it meets changed operational requirements. ,,,,,,,,,,,,,,
,,"customer’s hardware or operating system, the database or a ",,,,,,,,,,,,1.8. Upgrade,,and,Retrofit,,Services,are,intended,to,bring,the,system,up-to-,,
,,parameterisation error on the part of the customer. ,,,,,,,,,,,,"date with the latest technology, with regards to mechanics and software. ",,,,,,,,,,,,,,
,,,,,,,,,,,,,,1.9. The,Spare,Part,,Delivery,Service,is,intended,to,enable,the,customer,to,,
5. Timing / Agreement on Dates ,,,,,,,,,,,,,,purchase single parts to be fitted into the customer’s systems or spare part,,,,,,,,,,,,,,
5.1. If,,the,customer,cancels,or,postpones,,a,service,intervention,,arranged,,packages,with,carefully,,selected,,assortments,,of,parts,which,are,stored,at,
less,than,48,hours,before,the,start,of,the,"intervention,",the,customer,,is,the,customer's,premises,,to,ensure,their,availability,,in,case,of,an,on-site,
required to bear the costs associated therewith at the usual KARDEX rates. ,,,,,,,,,,,,,,intervention. ,,,,,,,,,,,,,,
5.2.,KARDEX,,is,entitled,to,invoice,the,costs,for,unnecessary,travel,to,the,,,,,,,,,,,,,,,
customer’s location or on-site waiting,,,,,,,,times,in,excess,of,30,minutes,2. Use of Third Party Sub-Contractors ,,,,,,,,,,,,,,
separately at,,,the usual KARDEX customer service hourly rates applicable at,,,,,,,,,,,"In order to meet its obligations under Individual Services, KARDEX may make",,,,,,,,,,,,,,
the time of the scheduled intervention. ,,,,,,,,,,,,,,use,of,the,services,of,third,parties.,KARDEX,is,not,obliged,to,perform,the,
,,,,,,,,,,,,,,Individual,,Service,itself.,If,KARDEX,makes,use,of,a,third,"party,",KARDEX,will,
6. Liability ,,,,,,,,,,,,,,ensure by means of suitable contractual provisions with such party that the,,,,,,,,,,,,,,
6.1. To,,the,extent,permitted,by,"law,",KARDEX will,,not,be,liable,for,damage,obligations of KARDEX under the Individual Service are,,,,,,,,,fulfilled by the,,third,,,
resulting,,,from,incorrect,use,of,the,"Products,",telephone,or,electronic,,,party. ,,,,,,,,,,,,,,
transmission,,,"failures,",faulty,execution,,,of,support,instructions,,by,the,,,,,,,,,,,,,,,
"customer,",,,attempted,repairs,carried,,out,by,the,customer,itself,or,third,3. Unauthorized Intervention in Kardex Systems ,,,,,,,,,,,,,,
"parties, service parts not being available on site, untrained or unauthorised",,,,,,,,,,,,,,The,customer,is,obliged,to,inform,KARDEX,,before,KARDEX,commences,,its,,
staff,of,the,customer,or,third,"parties,",,or,delay,in,reaching,the,on-duty,work about any external or internal work or renewal of parts carried out on,,,,,,,,,,,,,,
service technician because of being engaged in another service intervention.,,,,,,,,,,,,,,the,Product,by,the,customer,,or,third,"parties,",whereby,KARDEX,shall,be,,
Nor will KARDEX be liable for the consequences of any loss of data. ,,,,,,,,,,,,,,entitled,to,request,a,thorough,,chargeable inspection,,,of,such,amended,or,,
"6.2. To the extent permitted by law, any liability for merchandise and goods",,,,,,,,,,,,,,renewed Product or decline to perform the Individual Service. ,,,,,,,,,,,,,,
stored in the Products is excluded. ,,,,,,,,,,,,,,,,,,,,,,,,,,,,
,,,,,,,,,,,,,,4. Technical Support by the Customer ,,,,,,,,,,,,,,
C2: Individual Services ,,,,,,,,,,,,,,The,customer,is,obliged,to,provide,technical,,support,to,KARDEX,for,the,,
,,,,,,,,,,,,,,performance,,of,the,Individual,,Service,at,its,own,expense.,Section,B.10.,,
1. Individual Services Contain the Following Services ,,,,,,,,,,,,,,applies accordingly in the case of an installation order or relocation order. ,,,,,,,,,,,,,,
1.1.,Installation,,and,Commissioning,,,Service,to,install,newly,and/or,rebuild,,,,,,,,,,,,,,,,
the,Product,,by,skilled,technicians.,,This,may,include,operation,,and/or,,5. Acceptance ,,,,,,,,,,,,,,
maintenance training of customer personnel. ,,,,,,,,,,,,,,5.1.,As,soon,as,KARDEX,notifies,the,customer,of,the,completion,of,the,,
1.2. On-site,,,support,intervention,,for,repair,,and,recommissioning,,after,a,"Individual Service, the customer must carry out an acceptance inspection of",,,,,,,,,,,,,,
break down or loss of productivity. On-Site Services include the provision of,,,,,,,,,,,,,,the,performed,,services,and/or,,delivered,,products.,The,results,of,such,,
labor,,by,skilled,"technicians,",materials,,such,as,spare,"parts,",wear,parts,and,acceptance,,inspection,,including,,a,detailed,report,of,any,defects,are,to,be
"consumabels, travel costs and fees for daily allowance, as well as special fees",,,,,,,,,,,,,,recorded,in,writing,,in,a,customer,acceptance,"certificate,",a,signed,copy,of,,
for outside office hours call outs. ,,,,,,,,,,,,,,which,must,be,immediately,,handed,over/sent,,to,KARDEX.,If,the,customer,,
1.3. Remote,,,Support,or,telephone,support,,,inverventions,are,designed,,to,"fails to meet this complaint notification obligation, the respective warranty",,,,,,,,,,,,,,
enable the customer to bring back its system to normal operation in a short,,,,,,,,,,,,,,claims will lapse. ,,,,,,,,,,,,,,
period of,,time and to therefore increase the operating time. The continous,,,,,,,,,,,,"5.2. If acceptance is delayed for reasons beyond the control of KARDEX, the",,,,,,,,,,,,,,
monitoring via Remote Support can even prevent downtimes. ,,,,,,,,,,,,,,Products,,are,deemed,to,be,accepted,,14,days,after,notification,of,,
1.4. Relocation,,,Service,of,KARDEX,offers,,its,customers,the,relocation,,and,completion by KARDEX. KARDEX is entitled to invoice the cost incurred from,,,,,,,,,,,,,,
"moving of the products manufactured by KARDEX, either within the same or",,,,,,,,,,,,,,such delays. ,,,,,,,,,,,,,,
to,a,different ,"site,",within,domestic,,,territory,or,abroad,"(""Relocation",,,5.3.,If,only,minor,defects,are,found,in,the,acceptance,"inspection,",,the,,
"Service""). The",,,Relocation Service,,,comprises the,,,dismantling,of,the,Product,,customer,,may,not,refuse,acceptance.,In,such,"case,",the,Individual,Service,,,
at,the,old,"location,",transport,of,the,components,,from,the,old,to,the,new,shall be deemed accepted. ,,,,,,,,,,,,,
location,,(if,so,"agreed),",interim,storage,,of,the,components,(if,so,"agreed),","5.4. With acceptance, KARDEX is no longer liable for any defects which could",,,,,,,,,,,,,,
installation,,,at,the,new,"location,",and,commissioning,,of,the,Product.,The,have,been discovered on normal,,,,,inspection and which are,,,not,listed in,,the,,
relocation,,,service,does,not,include,the,rectification,,of,defects,and,the,customer acceptance certificate. ,,,,,,,,,,,,,,
replacement,,,of,wear,"parts,",both,of,which,require,the,placement,,of,a,,,,,,,,,,,,,,
separate,,,order,against,a,separate,fee,to,be,executed,and,handled,,6. Warranty ,,,,,,,,,,,,,,
independently,,,from ,the,relocation,,service.,,If,the,new,location,is,in,a,6.1.,KARDEX,warrants,the,faultless,provision,of,the,services,in,accordance,,
"different country than the old location, the customer is required to perform",,,,,,,,,,,,,,"with the legal regulations, the applicable norms and directives as well as the",,,,,,,,,,,,,,
all the actions necessary for transportation to the other country and also the,,,,,,,,,,,,,,recognized rules of technology. ,,,,,,,,,,,,,,
operation,,,in,the,other,country.,The,customer,bears,all,the,costs,arising,in,6.2.,In,the,event,of,breach,of,warranty,by,"KARDEX,",KARDEX,shall,have,the
this,context,,(necessary,modification,,,of,the,"Product,","customs,",clearance,,,right and the duty to rectify the defect (Nachbesserung) within a reasonable,,,,,,,,,,,,,,
"fees, etc.). Necessary modifications to the Product require a separate order",,,,,,,,,,,,,,deadline.,If,KARDEX',,first,attempt,to,rectify,the,defect,is,unsuccessful,or,if,
for,Individual,,Services (for,,a,separate,fee).,The,customer,has to,remove,,all,KARDEX,does,not,take,any,"action,",the,customer,has,to,grant,KARDEX,a,,
"the contents (goods in storage) from the Product, before relocation can take",,,,,,,,,,,,,,second,reasonable,,deadline,,to,rectify,the,defect.,If,the,second,attempt,to,
place. ,,,,,,,,,,,,,,rectify,is,unsuccessful,,or,if,KARDEX,allows,this,second,reasonable,deadline,,,
1.5. Training services are designed to empower the customer’s staff to,,,,,,,,,,,,,,to,expire,without,taking,any,,"action,",the,customer,is,entitled,to claim,a,,
"operate the system according to its intended use, to increase the adherence",,,,,,,,,,,,,,reduction,of,the,remuneration,,,(Minderung).,,The,customer,is,also,entitled,,
to,safe,working,methods,,and,to,positively,,influence,the,system's,overall,,to claim a reduction of the remuneration if KARDEX seriously and ultimately,,,,,,,,,,,,,,
availability and performance. ,,,,,,,,,,,,,,refuses,to,carry,out,the,rectification,,from,the,outset.,"However,",,the,,
1.6. Maintenance,,,and,Safety,Tests,are,,intended,to,maintain,the,system's,,customer may only withdraw from the contract if the services carried out by,,,,,,,,,,,,,,
"reliability,",,,to,prevent,unexpected,break,,"downs,",to,ensure,the,testing,of,KARDEX,repeatedly,,,show,serious,defects,,and,KARDEX,repeatedly,fails,to,,
safety,,equipment,on,a,regular,and,professional,,basis,as,well,as,to,reduce,remedy breaches of warranty in accordance with this provision. ,,,,,,,,,,,,,
premature loss of the system's value. ,,,,,,,,,,,,,,6.3. The customer’s warranty rights expire 6 months after acceptance. ,,,,,,,,,,,,,,
,,,,,,,,,,,,,,"6.4. Warranty is voided in case of: (a) improper or unintended use, (b) faulty",,,,,,,,,,,,,,
,,,,,,,,,,,,,,installation,,or,commissioning,,,by,the,customer,or,a,third,"party,",(c),
9 / 11 ,,,,,,,,,,Service Care Vertrag ,,,,,,,,,,,,2025/10/27 ,,,,,,
"modification,",,,"maintenance,",,,repair,or,relocation,of,the,Product,by,the,must,be,submitted,from,the,location,of,the,Product,concerned,using,a,,,,,
"customer or a third party, (d) excessive wear and tear due to circumstances",,,,,,,,,,,,,,"suitable means of communication, specifying the Product name, the model",,,,,,,,,,,,,,,,
"within the customer’s control, (e) faulty operation or negligent treatment of",,,,,,,,,,,,,,and series or,,license,number,and the,,best,possible,description of,the,fault.,,,,,,
the,"Products,",,(f),use,of,inappropriate,,service,fluids,or,replacement,,,The,disclosure,of,KARDEX,contact,,details,or,premises,access,codes,to,any,,,,
"materials, (g) faulty construction or unsuitable soil on the customer’s",,,,,,,,,,,,,,third,parties,is,expressly,prohibited,,in,the,interests,of,ease,of,access.,The,,,
"premises,",,(h),chemical,,or,electronic,"effects,",if,these,are,not,due,to,fault,of,customer is obliged to keep his technical equipment available in such a way,,,,,,,,,,,,,,
"KARDEX,",,(i),untrue,indications,,,by,the,customer,or,its,advisers,on,the,that,the,support,by,KARDEX,via,telephone,or,KARDEX,Support,Portal,is,,,,
operational,,and,technical,,conditions,,for,the,use,of,the,"products,",and,(j),possible. Connection costs shall be borne by the customer. ,,,,,,,,,,,,,,,
cases,of,force,majeure,,such,as,natural,"disasters,",acts,of,war,or,acts,of,2.3. ,With,the,conclusion,of,a,KARDEX,Remote,Support,"contract,",the,,,,,
terrorism. ,,,,,,,,,,,,,,customer,,undertakes,to,provide,,a,functional,data,transmission,device,,,,,,
,,,,,,,,,,,,,,(remote,connection,,for,KARDEX,,Remote,"Support),",sufficiently,protected,,,,,,,
7. Remuneration ,,,,,,,,,,,,,,against,unauthorized,,third-party,,,"access,",to,allow,KARDEX,appropriate,,,,,,
7.1. The remuneration for Individual,,,,,,,Services will be charged on a time and,,,,,,,"access to the customer’s system for support tasks. As a prerequisite for this,",,,,,,,,,,,,,,,,
material,,basis,according,,to,KARDEX's,current,,price,"list,",unless,a,lump,sum,the,customer,must,provide,KARDEX,the,required,authorisations.,Remote,,,,,,,
fee has been expressly agreed. ,,,,,,,,,,,,,,support,is,carried,out,via,a,suitable,separate,remote,service,software,,,,,,
7.2. KARDEX has the right to charge the customer any costs for unnecessary,,,,,,,,,,,,,,"application,",,such,as,the,KARDEX,Remote,Support,"application,",or,in,,,,,,
travel,to,the,customer,,or,if,the,Individual,Service,could,not,be,performed,exceptional,,"cases,",TeamViewer.,,Any,data,transmission,costs,incurred,and,,,,,,
for reasons for which the customer is responsible. ,,,,,,,,,,,,,,any,other,costs,arising,from,remote,service,are,borne,by,the,customer.,,,,,
7.3. Any,,waiting,,times,caused,,by,the,customer's,lack,of,support,can,be,Further,details,on,this,may,be,provided,in,the,support,contract.,If,the,,,
charged by KARDEX to the customer. ,,,,,,,,,,,,,,customer,,does,not,have,data,transmission,facilities,as,defined,above,,,,,,
,,,,,,,,,,,,,,"available,",the,customer,shall,reimburse,,KARDEX,for,the,resulting,increased,,,,,,
C3: Specific Provisions for Service Contracts ,,,,,,,,,,,,,,"expense. KARDEX is relieved from its duty to perform remote service, if – for",,,,,,,,,,,,,,,,
,,,,,,,,,,,,,,reasons,for,which,KARDEX,is,not,responsible – ,,no,connection,can,be,,,,,
1. Service Packages ,,,,,,,,,,,,,,established from the system. ,,,,,,,,,,,,,,,,
1.1. The services provided by KARDEX in the context of service contracts are,,,,,,,,,,,,,,2.4,When,"required,",the,customer,,will,support,the,KARDEX,service,,,,,,
"determined by the product and service descriptions of the Service Contract,",,,,,,,,,,,,,,technician,,on,site,with,its,own,personnel,to,the,best,of,its,ability,and,to,a
the,technical,,"requirements,",,,the,specified,maintenance,,intervals,,as,well,as,reasonable,extent;,this,applies,in,particular,if,the,work,to,be,carried,out,is,,
"the defined software upgrades, service releases and software updates. Such",,,,,,,,,,,,,,beyond,what,a,single,person,can,reasonably,be,expected,to,"do,",or,can,do,,,
services,,can,include,all,products,,delivered,under,Part,B.,Unless,otherwise,,safely.,There,is,no,reimbursement,,claim,against,KARDEX,for,this.,The,,,,,
"specified, the scope of service does not include the performance of all work",,,,,,,,,,,,,,customer will sign off the work done by the KARDEX service technical on the,,,,,,,,,,,,,,,,
and,the,installation,,,of,spare,parts,required,for,restoration ,,of,normal,"technician’s work report, as the basis for invoicing. ",,,,,,,,,,,,,,,,
operational,,,readiness,,of,the,Product,in,accordance,with,a,professional,,2.5. The customer must ensure that the Products are exclusively available at,,,,,,,,,,,,,,,,
assessment and the recognised code of practice.,,,,,,,,,,,,,,"the agreed timeslot to the KARDEX service technician executing the service,",,,,,,,,,,,,,,,,
1.2. In,,"general,",KARDEX,,will,carry,out,maintenance,work,,during,normal,,and that they can be shut down from operation for this purpose. ,,,,,,,,,,,,,,,,
office,hours.,,To,have,access,to,services,outside,normal,office,,"hours,",the,"2.6. During the term of the service contract, the customer is obliged to have",,,,,,,,,,,,,,,,
"customer can opt for the ""FLEX Care"" or ""FULL Care"" service packages, which",,,,,,,,,,,,,,all,maintenance,,and,repairs,on,the,Products,carried,out,solely,by,KARDEX,,,,
must be ordered separately. ,,,,,,,,,,,,,,"or an authorised subcontractor of KARDEX. Where applicable, it is to inform",,,,,,,,,,,,,,,,
1.3.,Without,,prejudice,,to the,warranty,,under,delivery,"contracts,",,KARDEX,,KARDEX,of,any,prior,work,on,the,Products,itself,or,parts,replacements,,,,,
does not,,provide,any,,warranty,that,the,Product,will,remain free,,of,defects,"carried out by the customer itself or third parties, before the work starts. In",,,,,,,,,,,,,,,,
and/or,,will,function,without,,interruption,,during,the,term,of,the,service,"such cases,",,KARDEX,is entitled to,,,require,a,thorough check,of,the,Products,,,,,
contract. The warranty for services provided by KARDEX is based on section,,,,,,,,,,,,,,in question or otherwise to decline to perform the service. ,,,,,,,,,,,,,,,,
C3.4. ,,,,,,,,,,,,,,2.7. The customer will not change the location of the Product without prior,,,,,,,,,,,,,,,,
1.4. The inclusion of a Product in a service contract requires that the Product,,,,,,,,,,,,,,"written notice to KARDEX. Upon request, and at the customer’s expense,",,,,,,,,,,,,,,,,
and,its,components,,,are,in,a,technically,perfect,condition,and,that,the,KARDEX will carry out,,,or supervise the relocation. If the,,,,,customer does not,,,,,,,,
customer,,has,acquired,,a,right,to,use,the,current,version,of,the,software.,have,the,relocation,carried,out,or,supervised,by,"KARDEX,",KARDEX,services,,,,,
Products,,for,which,the,warranty,,commencing,,on,delivery,has,already,,under,the,service,contract,will,be,suspended,during,the,relocation,and,,,,,,
expired,,will,only,be,included,in,the,service,contract,after,they,have,been,KARDEX,will,perform,a,system,,audit,to,ensure,the,correct,and,safe,,,,
subjected to an inspection by KARDEX. The costs for the inspection and any,,,,,,,,,,,,,,functionality,,of,the,Products before,,reinstating,the,services.,Such a,system,,,,,,
expenses incurred for bringing the Product to be included back into a proper,,,,,,,,,,,,,,audit will be,,charged separately according to the applicable,,,,,,,rates and price,,,,,,,
condition shall be borne by,,,,,,"the customer, according to the applicable rates",,,,,,,,lists. Any damages caused by an improper relocation will not be covered by,,,,,,,,,,,,,,,,
and price lists. ,,,,,,,,,,,,,,the service packages. ,,,,,,,,,,,,,,,,
1.5. The KARDEX remote support portal (“KARDEX Remote Support”) allows,,,,,,,,,,,,,,2.8.,The,customer,undertakes,,to,actively,accompany,and,support,KARDEX,,,,,,
the condition of the product to be monitored by the assessment of technical,,,,,,,,,,,,,,in case of a maintenance issue in fault diagnosis and elimination conducted,,,,,,,,,,,,,,,,
data,from,the,control,,unit.,All,personal,data,and,customer,related,data,,in,the,context,of,the,KARDEX,Remote,Support.,The,customer,notifies,to,,,,,
exchanged,,in,the,context,of,the,services,will,be,used,exclusively,for,the,KARDEX,in,writing,qualified,employees,,,educated,by,KARDEX,as,contact,,,,,
purposes defined in these terms of use. A connection to the KARDEX Remote,,,,,,,,,,,,,,persons,authorized,,to,perform,and,take,all,actions,and,decisions,for,the,,,,
Support,,does,not,guarantee,,,that,malfunctions,can,be,diagnosed,,or,customer,,which,are,necessary,in,connection,with,the,ordinary,use.,The,,,,,
eliminated,,by,means,,of,the,KARDEX,Remote,Support.,If,the,malfunction,,contact,person,,remains,with,the,Product,during,the,whole,process,of,,,,,
"cannot be solved by means of KARDEX Remote Support, KARDEX will send a",,,,,,,,,,,,,,"remote service ready to intervene, where appropriate, e.g. by operating the",,,,,,,,,,,,,,,,
service,,technician,,to,the,concerned,Product,,to,eliminate,the,malfunction,,emergency,,shutdown.,The,customer,,is,solely,responsible,for,taking,the,,,,,
and will,,separately,,charge,its services pursuant,,,,to,the,applicable,rates,and,necessary,,safety,precautions,to,ensure,that,persons,and,property,are,not,,,,,
price lists. ,,,,,,,,,,,,,,endangered during maintenance. ,,,,,,,,,,,,,,,,
,,,,,,,,,,,,,,2.9.,Employees,,of,the,customer,require,a,password,for,the,use,of,the,,,
2. Customer Obligations ,,,,,,,,,,,,,,KARDEX,Remote,,Support.,Every,,"person,",legitimating,him,or,herself,via,,,,,
2.1.,The,customer,,shall,treat,,and,use,the,Product,in,accordance,with,"password, is deemed to be authorized towards KARDEX, and all entries and",,,,,,,,,,,,,,,,
KARDEX operating recommendations. The customer shall enable KARDEX to,,,,,,,,,,,,,,instructions,,based,on,a,formally,error,free,legitimization,will,be,attributed,,,,,
"eliminate malfunctions arising due to incorrect operation, at the customer's",,,,,,,,,,,,,,to the customer. ,,,,,,,,,,,,,,,,
expense. ,,,,,,,,,,,,,,,,,,,,,,,,,,,,,,
2.2.,Faults,are,to,be,reported,,solely,by,the,customer,authorised,person,,3. Remuneration for Service Contracts ,,,,,,,,,,,,,,,,
commissioned with operating,,,,,,the,machine,in accordance,,with the,,KARDEX,,,,,,,,,,,,,,,,,,
operator manual to the on-duty KARDEX service technician. The fault report,,,,,,,,,,,,,,,,,,,,,,,,,,,,,,
10 / 11 ,,,,,,,,,,Service Care Vertrag ,,,,,,,,,,,2025/10/27 ,,,,,,,,,
3.1. An,,annual,,fee,is,charged,for,the,services,specified,in,the,service,excessive,efforts,and,lack,of,availability,of,spare,parts,or,obsolescence
"contract,",,the,amount,,of,which,depends,on,the,selected,service,packages,(section B.9.). ,,,,,,,,,,,
"(BASE, FLEX, or FULL Care). ",,,,,,,,,,,,,,,,,,,,,,,,
3.2. The,,first,annual,,fee,is,invoiced,on,the,signing,of,the,service,"contract,",,,,,,,,,,
and thereafter before the start of each contract year. ,,,,,,,,,,,,,,,,,,,,,,,,
3.3. KARDEX reserves the right to increase or decrease the annual fee. If the,,,,,,,,,,,,,,,,,,,,,,,,
increase,,is,more,than,5%,of,the,agreed,annual,"fee,",the,customer,has,an,,,,,,,,,,
extraordinary,,,right,,of,termination,for,cause.,The,customer,,may,then,,,,,,,,,,,
terminate,,,the,contract,"early,",,within,one,month of,receiving,the,invoice,for,,,,,,,,,,,
the,increased,,annual,,"fee,",to,take,effect,for,the,first,contract,year,to,which,,,,,,,,,
the increased annual fee applies. ,,,,,,,,,,,,,,,,,,,,,,,,
3.4. KARDEX is entitled to charge the customer for unnecessary travel to the,,,,,,,,,,,,,,,,,,,,,,,,
customer's,,,location,,or,if,the,service,or,part,of,the,service,cannot,be,,,,,,,,,
performed on site,,,,if,the,customer,is responsible,,for,the,impediment.,,If,the,,,,,,,,,,
"customer, according to the service contract, has undertaken to keep certain",,,,,,,,,,,,,,,,,,,,,,,,
parts,in,stock,or,if,the,customer,failed,to,order,from,KARDEX,the,parts,,,,,,,,,,,
necessary,,,for,the,service,as,specified,by,"KARDEX,",the,customer,may,be,,,,,,,,,,,
charged for any waiting times caused by the required service parts not being,,,,,,,,,,,,,,,,,,,,,,,,
available on site. ,,,,,,,,,,,,,,,,,,,,,,,,
3.5.,Additional,,,inspections,,,following,the,repair,of,Products,or,the,,,,,,,,,,,
replacement,,,of,missing,,technical,documents,,or,service,booklets,are,not,,,,,,,,,,,
included in the annual fee and will be invoiced separately at the hourly rates,,,,,,,,,,,,,,,,,,,,,,,,
of KARDEX customer service applicable the time. ,,,,,,,,,,,,,,,,,,,,,,,,
4. Warranty ,,,,,,,,,,,,,,,,,,,,,,,,
4.1. KARDEX,,,warrants,,the,faultless,provision,,of,the,Services,in,accordance,,,,,,,,,,,
"with the relevant rules of law, the applicable norms and regulations and the",,,,,,,,,,,,,,,,,,,,,,,,
recognised rules of technology. ,,,,,,,,,,,,,,,,,,,,,,,,
4.2.,In,the,event,of,breach,of,warranty,by,"KARDEX,",KARDEX,shall,have,the,,,,,,,,,,,
right and the duty to rectify the defect (Nachbesserung) within a reasonable,,,,,,,,,,,,,,,,,,,,,,,,
deadline. If KARDEX's first attempt to rectify the defect is unsuccessful or if,,,,,,,,,,,,,,,,,,,,,,,,
KARDEX,,does,not,take,,any,"action,",the,customer,has,to,grant,KARDEX,a,,,,,,,,,,
second,,reasonable,,deadline,,to,rectify,the,defect.,If,the,second,attempt,to,,,,,,,,,,
rectify,,is,unsuccessful,,or,if,KARDEX,allows,said,reasonable,,deadlines,to,,,,,,,,,,,
expire,,without,,taking,,any,"action,",the,customer,is,entitled,to,claim,a,,,,,,,,,,
reduction,,,of,the,remuneration,,for,the,improperly,,rendered,,service,,,,,,,,,,,
(Minderung).,,,The,customer,,is,also,entitled,to,claim,a,reduction,of,the,,,,,,,,,,
remuneration,,,if,KARDEX,,seriously,and,ultimately,,refuses,to,carry,out,the,,,,,,,,,,
rectification from the outset. The customer has a right to withdraw from the,,,,,,,,,,,,,,,,,,,,,,,,
contract only if the services carried out by KARDEX repeatedly show serious,,,,,,,,,,,,,,,,,,,,,,,,
defects,,and,if,KARDEX,repeatedly,,fails,to,remedy,breaches,of,warranty,in,,,,,,,,,,,
accordance with this provision. ,,,,,,,,,,,,,,,,,,,,,,,,
4.3.,The,warranty,,runs,as,from,acceptance,,of,the,service.,The,customer,is,,,,,,,,,,
obliged,,to,immediately,,,inspect,and,accept,any,service,performed,,for,,,,,,,,,,,
defects,,and,to,immediately,,notify,KARDEX,,in,writing,of,any,defects.,The,,,,,,,,,,
customer's,,,warranty,,claims,are,forfeited,to,the,extent,that,it,fails,to,meet,,,,,,,,,
this obligation to raise a complaint. ,,,,,,,,,,,,,,,,,,,,,,,,
4.4. The customer’s warranty rights expire 6 months after acceptance. ,,,,,,,,,,,,,,,,,,,,,,,,
4.5.,The,warranty,,is,excluded,,if,work,or,attempted,repairs,are,carried,out,,,,,,,,,,
on,the,Products,,by,maintenance,,companies,,not,approved,by,"KARDEX,",,,,,,,,,,,,
unless KARDEX has genuinely and definitively refused to remedy the defect. ,,,,,,,,,,,,,,,,,,,,,,,,
4.6.,Unless,,explicitly,,agreed,,"otherwise,",KARDEX,,does,not,warrant,that,,,,,,,,,,,
maintenance,,,and,inspections,,,will,be,carried,out,within,a,particular,time,,,,,,,,,,
frame. KARDEX further does not warrant that in the case of KARDEX Remote,,,,,,,,,,,,,,,,,,,,,,,,
Support a third party does not gain unauthorized access to the Products. ,,,,,,,,,,,,,,,,,,,,,,,,
5. Term and Termination of the Service Contract ,,,,,,,,,,,,,,,,,,,,,,,,
5.1. The service contract enters into force at the time specified in the service,,,,,,,,,,,,,,,,,,,,,,,,
contract and has an initial term of 2 years. ,,,,,,,,,,,,,,,,,,,,,,,,
5.2. It,,will,be,extended,,by,further,periods,of,one,year,in,each,case,unless,,,,,,,,,
"terminated in writing by either party, with at least 3 months’ notice to the",,,,,,,,,,,,,,,,,,,,,,,,
end of the respective contractual period. ,,,,,,,,,,,,,,,,,,,,,,,,
5.3. The,,service,,contract,,may,be,terminated,in,writing,for,cause,by,either,,,,,,,,,,
party with immediate effect if one of the contracting parties has significantly,,,,,,,,,,,,,,,,,,,,,,,,
breached its obligations,,,,,,under,the,service,contract,and fails to,,remedy,the,,,,,,,,,,,
"breach,",,in,spite,of,a,compliance,notice,from,the,other,party,giving,it,a,,,,,,,,,,
deadline of 2 weeks to do so. Section C3.4 shall apply to breaches of duty in,,,,,,,,,,,,,,,,,,,,,,,,
connection to warranty claims. ,,,,,,,,,,,,,,,,,,,,,,,,
5.4.,KARDEX,,may,demand,,that,individual,,Products,be,excluded,from,the,,,,,,,,,,,
"service contract after a notice period of 3 months, if the Products concerned",,,,,,,,,,,,,,,,,,,,,,,,
can,no,longer,be,properly,,maintained,,because,of,excessive,wear,and,"tear,",,,,,,,,,,,
11 / 11 ,,,,,,,,,,,Service Care Vertrag ,,,,,,,,2025/10/27 ,,,,,
